[
    {
        "id": "90a25a5eb48f3c3c",
        "type": "tab",
        "label": "Flow 2",
        "disabled": false,
        "info": "",
        "env": []
    },
    {
        "id": "495fcafd2a6056eb",
        "type": "debug",
        "z": "90a25a5eb48f3c3c",
        "name": "debug 1",
        "active": true,
        "tosidebar": true,
        "console": false,
        "tostatus": false,
        "complete": "false",
        "statusVal": "",
        "statusType": "auto",
        "x": 380,
        "y": 280,
        "wires": []
    },
    {
        "id": "e22a57d5361a1670",
        "type": "inject",
        "z": "90a25a5eb48f3c3c",
        "name": "",
        "props": [
            {
                "p": "payload"
            },
            {
                "p": "topic",
                "vt": "str"
            }
        ],
        "repeat": "",
        "crontab": "",
        "once": false,
        "onceDelay": 0.1,
        "topic": "",
        "payload": "",
        "payloadType": "date",
        "x": 180,
        "y": 280,
        "wires": [
            [
                "495fcafd2a6056eb",
                "b5855d4f785e2d24",
                "d0c1e7efbca6e8af"
            ]
        ]
    },
    {
        "id": "b5855d4f785e2d24",
        "type": "ui_gauge",
        "z": "90a25a5eb48f3c3c",
        "name": "",
        "group": "5018403b8c875082",
        "order": 0,
        "width": 0,
        "height": 0,
        "gtype": "gage",
        "title": "gauge",
        "label": "units",
        "format": "{{value}}",
        "min": 0,
        "max": 10,
        "colors": [
            "#00b500",
            "#e6e600",
            "#ca3838"
        ],
        "seg1": "",
        "seg2": "",
        "diff": false,
        "className": "",
        "x": 110,
        "y": 200,
        "wires": []
    },
    {
        "id": "d0c1e7efbca6e8af",
        "type": "ui_chart",
        "z": "90a25a5eb48f3c3c",
        "name": "",
        "group": "5018403b8c875082",
        "order": 0,
        "width": 0,
        "height": 0,
        "label": "chart",
        "chartType": "line",
        "legend": "false",
        "xformat": "HH:mm:ss",
        "interpolate": "linear",
        "nodata": "",
        "dot": false,
        "ymin": "",
        "ymax": "",
        "removeOlder": 1,
        "removeOlderPoints": "",
        "removeOlderUnit": "3600",
        "cutout": 0,
        "useOneColor": false,
        "useUTC": false,
        "colors": [
            "#1f77b4",
            "#aec7e8",
            "#ff7f0e",
            "#2ca02c",
            "#98df8a",
            "#d62728",
            "#ff9896",
            "#9467bd",
            "#c5b0d5"
        ],
        "outputs": 1,
        "useDifferentColor": false,
        "className": "",
        "x": 230,
        "y": 400,
        "wires": [
            []
        ]
    },
    {
        "id": "5018403b8c875082",
        "type": "ui_group",
        "name": "Test01",
        "tab": "525cd02e416c6f08",
        "order": 1,
        "disp": true,
        "width": 6,
        "collapse": false,
        "className": ""
    },
    {
        "id": "525cd02e416c6f08",
        "type": "ui_tab",
        "name": "Home",
        "icon": "dashboard",
        "disabled": false,
        "hidden": false
    }
]